city	zip	type	beds	baths	sqft	lot_sqft	stories	year_built
Sunnyvale	94087	Condo	3	2.5	1353	1056	2	1973
Santa Clara	95050	Single-Family Home	2		1100	5123	1	1934
Sunnyvale	94087	Condo	2	2	1191	620	3	1995
Mountain View	94040	Single-Family Home	3		974	4902	1	1951
Sunnyvale	94087	Condo	3	2.5	1851	1459	3	2014
Mountain View	94040	Condo	3	2.5	1460	858	2	1988
Sunnyvale	94089	Single-Family Home	3	2	1187	6660	1	1957
East Palo Alto	94303	Single-Family Home	4	2.5	1310	5500	1	1951
Santa Clara	95051	Single-Family Home	3	2	1764	8050	1	1976
Mountain View	94040	Single-Family Home	3	1.5	1573	5358	1	1952
Mountain View	94040	Single-Family Home	5	2.5	2753	8000	2	1964
Santa Clara	95051	Condo	4	2.5	1846	2685	2	1998
Cupertino	95014	Single-Family Home	3	3	2445	5000	2	1988
Sunnyvale	94087	Single-Family Home	3	2	1524	6000	1	1958
Cupertino	95014	Single-Family Home	3	3	2263	5202	2	1988
Cupertino	95014	Single-Family Home	3	3	1691	7800	1	1962
Santa Clara	95051	Single-Family Home	6	3	2511	7668	2	1961
Mountain View	94043	Condo			900	2500	1	1969
Palo Alto	94306	Single-Family Home	3	3	1951	7695	1	1959
Santa Clara	95050	Single-Family Home	3	2	1427	5700	1	1952
Sunnyvale	94089	Single-Family Home	3	2	1108	4646	1	1957
Sunnyvale	94087	Single-Family Home	4	2	1988	7992	1	1963
Mountain View	94043	Condo	2		805	2917	1	1963
Sunnyvale	94086	Condo	3	2.5	1783	2424	2	2006
Menlo Park	94025	Single-Family Home	3	2	1720	10028	1	1950
Cupertino	95014	Single-Family Home	4	2	2002	7700	1	1968
Sunnyvale	94087	Single-Family Home	4	3	1763	3902	2	2007
Mountain View	94043	Condo	2	2.5	1478	2635	2	1986
Mountain View	94040	Condo	2		814	814	1	1999
Santa Clara	95050	Condo	3	2	1385	1271	2	2016
Saratoga	95070	Single-Family Home	4	2.5	2984	1.07 	1	1972
Redwood City	94061	Single-Family Home	4	3.5	2680	6240	1	1955
Redwood City	94061	Single-Family Home	3	1.5	1390	7860	1	1952
Los Altos	94022	Single-Family Home	3	2.5	2261	10472	1	1956
Los Altos	94022	Condo	3	2.5	1525	1927	2	1998
Santa Clara	95054	Condo	3	1.5	1240	1242	2	1978
Sunnyvale	94085	Single-Family Home	3		999	6032	1	1953
Redwood City	94061	Single-Family Home	3		1000	6400		1953
Cupertino	95014	Single-Family Home	3	2	1287	7168	1	1960
Sunnyvale	94086	Single-Family Home	4	2	1726	10530	2	1936
Sunnyvale	94087	Single-Family Home	4	2	2044	10692	1	1969
Santa Clara	95050	Single-Family Home	3	2	1332	5000	1	1946
Santa Clara	95050	Single-Family Home	3		1492	4851	1	1950
Santa Clara	95051	Single-Family Home	3	2	1626	5300	1	1956
Palo Alto	94301	Single-Family Home	2		900	2238	2	1926
Mountain View	94041	Single-Family Home	3	2	1282	6042	1	1958
Menlo Park	94025	Single-Family Home	3	2.5	2010	0.34 		1959
Sunnyvale	94085	Single-Family Home	3		913	5662	1	1949
Los Altos	94024	Single-Family Home	5	4	3212	0.32 	2	2012
Sunnyvale	94086	Single-Family Home	3	2	1431	5000	1	1943
Palo Alto	94301	Single-Family Home	2	2.5	1239	6300	2	1896
Mountain View	94040	Single-Family Home	5	3	1848	5700	1	1954
Menlo Park	94025	Single-Family Home	3	3	2628	10648	1	1976
Mountain View	94043	Single-Family Home	3	2	1182	6000	1	1956
Redwood City	94063	Single-Family Home	3	2	1460	6000		1953
Santa Clara	95051	Single-Family Home	3	2	1425	6000	1	1959
Palo Alto	94303	Single-Family Home	4	2	1639	7021	1	1955
Santa Clara	95051	Single-Family Home	4	2.5	1749	7705	1	1963
Santa Clara	95051	Single-Family Home	3	2	1673	5454	1	1954
Los Altos	94024	Single-Family Home	4	3	2538	0.29 	2	1972
Sunnyvale	94089	Single-Family Home	3	2	1000	6200	1	1955
Saratoga	95070	Single-Family Home	4	3.5	2896	0.76 	1	1973
Saratoga	95070	Single-Family Home	4	2.5	2252	9750	1	1955
Mountain View	94040	Condo	3	2.5	1755	2492	2	1978
East Palo Alto	94303	Single-Family Home	3		1060	6300		1952
Palo Alto	94306	Condo	2		899	800	1	1983
Los Altos	94022	Condo	4	2.5	1773	435	2	2014
Santa Clara	95051	Single-Family Home	2	2	1771	10000	1	1973
Santa Clara	95051	Single-Family Home	4	2	1711	7956	1	1972
Cupertino	95014	Single-Family Home	3		1046	0.34 	1	1941
Mountain View	94041	Condo		1.5	839	1190	1	1974
Saratoga	95070	Single-Family Home	2		1128	10000	1	1951
Sunnyvale	94086	Condo	2	1.5	760	2002	1	1983
Menlo Park	94025	Single-Family Home	4	3	2385	9975	1	1953
Santa Clara	95051	Condo			622	696	1	1971
Sunnyvale	94086	Single-Family Home	3	2.5	1644	3871	2	1993
Santa Clara	95051	Single-Family Home	3	2	1302	6000	1	1961
Mountain View	94040	Condo	3	3	1539	933	3	2002
Redwood City	94061	Single-Family Home	5	2	2090	6201		1950
Palo Alto	94301	Condo	2	1.5	1096	1688	1	1963
Mountain View	94043	Condo	3	2.5	1625	435	2	1998
Palo Alto	94301	Single-Family Home	3	2	1879	5625	2	
Mountain View	94040	Single-Family Home	3	2	1296	5700	1	1954
Sunnyvale	94087	Condo	3	2	1188	1188	1	1973
Sunnyvale	94085	Condo	2	2.5	1181	1575	3	2005
Sunnyvale	94089	Condo	2	2.5	1579	1035	2	2007
Palo Alto	94301	Single-Family Home	4	3	2233	0.28 	1	1939
Menlo Park	94025	Single-Family Home	5	6.5	5450	10324	3	2016
Santa Clara	95050	Single-Family Home	3	2	1529	7420	1	1961
Mountain View	94043	Condo	2	2	1257	1742	1	1973
Palo Alto	94301	Condo	3	2.5	1580	784	2	1981
Santa Clara	95051	Single-Family Home	3	2	1718	7800	1	1957
Sunnyvale	94089	Single-Family Home	3	2	1108	5824	1	1957
Redwood City	94061	Single-Family Home	3	2	1140	6695	1	1953
Los Altos	94024	Single-Family Home	3	2	1254	9000	1	1953
Sunnyvale	94085	Single-Family Home	3	2	1239	6254	1	1948
Sunnyvale	94085	Condo	3	2.5	1879	1856	2	1979
Cupertino	95014	Single-Family Home	3		1544	7875	1	1949
Menlo Park	94025	Single-Family Home			860	0.27 	1	1926
Sunnyvale	94085	Condo	2	2	996	2250	1	1986
Redwood City	94062	Single-Family Home	2		990	4600	1	1941
Saratoga	95070	Condo	2	2	1192	1296	1	1980
Redwood City	94061	Single-Family Home	3		1330	5700	1	1948
Palo Alto	94301	Single-Family Home	4	3	2437	7200	2	1932
Santa Clara	95051	Single-Family Home	4	2	2086	8050	1	1976
Cupertino	95014	Single-Family Home	3	2	1939	8550	1	1961
East Palo Alto	94303	Single-Family Home	3		1030	6000		1952
Saratoga	95070	Single-Family Home	4	2.5	2685	0.92 	1	1967
Mountain View	94043	Condo	2	2	1083	2066	1	1969
Saratoga	95070	Single-Family Home	3	2.5	1997	0.27 	1	1954
Mountain View	94040	Single-Family Home	3	2	1336	9030	1	1954
Santa Clara	95050	Single-Family Home	2		816	4500	1	1948
Los Altos	94022	Single-Family Home	4	3	2700	6600	2	1984
Los Altos	94024	Single-Family Home	4	3	2838	9375	2	1950
Menlo Park	94025	Single-Family Home	3	2.5	2220	1917	2	1965
Palo Alto	94301	Single-Family Home	2		851	5500	1	1949
Menlo Park	94025	Single-Family Home	3	3	2324	6550	2	2009
Los Altos	94022	Condo	2	2.5	1536	800	2	1982
Mountain View	94043	Condo	2	1.5	1170	270	2	1976
Sunnyvale	94089	Townhouse	3	2.5	1565	1306	2	1979
Redwood City	94063	Single-Family Home	2		1090	5450		1948
Redwood City	94062	Single-Family Home	3	2	1550	6621		1970
Saratoga	95070	Single-Family Home	2	2	2135	6825	1	1924
Santa Clara	95051	Single-Family Home	4	3	2222	8050	2	1976
Santa Clara	95050	Condo	2	2	913	913	1	1987
Sunnyvale	94087	Single-Family Home	4	2	2153	0.3 	1	1968
Redwood City	94062	Single-Family Home	2	1.5	1400	7800	1	1952
Redwood City	94061	Single-Family Home	2		890	3557		1936
Santa Clara	95051	Condo	2		882	924	1	1971
Los Altos	94022	Single-Family Home	2		1128	4100	1	1935
Sunnyvale	94086	Single-Family Home	4	2	1385	6588	1	1963
Palo Alto	94303	Single-Family Home	4	3	1906	10192	1	1958
Santa Clara	95050	Condo			716	716	1	1987
Santa Clara	95050	Single-Family Home	2		1160	7140	1	1951
Santa Clara	95050	Single-Family Home	3		1053	4800	1	1946
Sunnyvale	94087	Single-Family Home	3		1154	6000	1	1953
Mountain View	94043	Condo	4	2.5	1427	1496	2	1974
Santa Clara	95051	Single-Family Home	3	2	1556	5512	1	1955
Santa Clara	95050	Single-Family Home	3	2	1151	5940	1	1950
Sunnyvale	94089	Condo	2	2.5	1579	1055	2	2006
Santa Clara	95054	Condo	3	3.5	1645	1742	3	2009
Sunnyvale	94085	Single-Family Home	3		1015	5400	1	1952
Santa Clara	95050	Single-Family Home	3	2	1560	6178	1	1907
Sunnyvale	94089	Condo	3	2.5	1663	1072	2	2004
Mountain View	94043	Single-Family Home	3	2	1716	5300	1	1955
Los Altos	94022	Condo	2	2	1317	1317	1	1996
Santa Clara	95051	Single-Family Home	3	2	1665	9375	1	1950
Menlo Park	94025	Single-Family Home	3	1.5	2080	10000	1	1949
Cupertino	95014	Condo	3	2.5	2114	1570	2	2007
Cupertino	95014	Single-Family Home	3		1080	9856	1	1953
Cupertino	95014	Single-Family Home	3	2	1316	5355	1	1969
Sunnyvale	94089	Single-Family Home	3	2	1462	5512	1	1957
Cupertino	95014	Single-Family Home	5	2.5	2300	7950	2	1968
Saratoga	95070	Single-Family Home	4	2.5	2402	0.96 	1	1964
Sunnyvale	94085	Condo	3	2	1094	1080	1	1985
Los Altos	94022	Single-Family Home	3	4	3991	0.34 	1	1987
Santa Clara	95050	Single-Family Home	3	2.5	1677	5400	1	1957
Los Altos	94024	Single-Family Home	3		1286	10318	1	1951
Los Altos	94024	Single-Family Home	5	4	3556	0.34 	2	2004
Palo Alto	94301	Condo	2	2	950	950	1	1984
Sunnyvale	94087	Single-Family Home	3		1300	7068	1	1950
Mountain View	94041	Condo	2	2.5	1410	2520	3	2009
Mountain View	94043	Single-Family Home	3	2	1988	10424	1	1954
Palo Alto	94303	Single-Family Home	4	3	2637	7521	1	2011
Sunnyvale	94086	Condo	3	3	1483	720	3	1986
Sunnyvale	94087	Single-Family Home	2	2	1232	4494	1	1968
Palo Alto	94301	Single-Family Home	3	2.5	1968	3049	2	1996
Cupertino	95014	Condo	3	2.5	1727	1710	2	1974
Mountain View	94043	Condo	2	2.5	1276	920	2	1979
Sunnyvale	94086	Single-Family Home	3	2.5	1400	1712	2	1994
Cupertino	95014	Single-Family Home	3	2	1663	7128	1	1963
Los Altos	94022	Condo	2	2	1222	1222	1	1995
Sunnyvale	94087	Single-Family Home	3	2	1624	6100	1	1963
Santa Clara	95050	Single-Family Home	4	2.5	2094	5815	2	1998
Saratoga	95070	Single-Family Home	4	4.5	3958	0.5 	1	2004
Palo Alto	94303	Single-Family Home	5	2	1722	7080	2	1952
Santa Clara	95050	Single-Family Home	3	2.5	1905	2662	2	2014
Los Altos	94022	Single-Family Home	4	4.5	3292	10733	2	2014
Santa Clara	95054	Condo	3	2.5	1894	2372	2	2004
Menlo Park	94025	Single-Family Home	2		1210	8025	1	1965
Sunnyvale	94085	Condo	2	2	1363	1730	1	2011
Los Altos	94024	Single-Family Home	5	3.5	2717	0.47 	1	1957
Mountain View	94043	Condo	2	2	1150	750	2	2003
Redwood City	94062	Single-Family Home	4	2.5	3320	0.41 	1	2007
Santa Clara	95051	Single-Family Home	4	2.5	2296	8375	2	1960
Sunnyvale	94086	Single-Family Home	3	2.5	1869	2791	2	2016
Santa Clara	95051	Condo	2	2	956	1020	1	1971
Redwood City	94062	Single-Family Home	2		1090	4960	1	1928
Santa Clara	95050	Single-Family Home	3	1.5	1156	7632	1	1953
Los Altos	94022	Single-Family Home	3	2	1666	0.27 	1	1955
Cupertino	95014	Condo	2	2	1060	1344	2	1973
Saratoga	95070	Single-Family Home	4	2.5	2580	0.33 	1	1968
Santa Clara	95051	Single-Family Home	3	2	1078	5000	1	1955
Mountain View	94043	Single-Family Home	3		1364	8856	1	1950
Sunnyvale	94087	Single-Family Home	4	2	1421	6480	1	1958
Palo Alto	94303	Single-Family Home	4	3	2218	6695	2	1998
Santa Clara	95054	Single-Family Home	4	2.5	1705	1967	2	2000
Palo Alto	94301	Condo			913	1307	1	1960
Cupertino	95014	Single-Family Home	4	2	1248	5974	1	1958
Santa Clara	95050	Single-Family Home	3	2	1130	5733	1	1955
Cupertino	95014	Single-Family Home	3	2	1227	9200	1	1961
Sunnyvale	94086	Condo	2		834	2375	1	1986
Mountain View	94043	Single-Family Home	4	2.5	1925	2774	2	1998
East Palo Alto	94303	Single-Family Home	3	2	1740	0.27 	1	1954
Santa Clara	95051	Single-Family Home	5	2	2304	7800	1	1957
Los Altos	94022	Single-Family Home	4	2.5	2372	9968	1	1963
Menlo Park	94025	Townhouse	3	2.5	2340	1600	2	1981
Los Altos	94024	Single-Family Home	4	3	3480	1.04 	1	1961
Sunnyvale	94087	Condo	2	1.5	1136	2150	2	1971
Palo Alto	94301	Single-Family Home	4	3	3194	10000	2	1922
Cupertino	95014	Condo	3	2.5	1598	1660	2	1977
Santa Clara	95050	Condo	2	2	946	946	1	1987
Palo Alto	94303	Single-Family Home	4	2.5	2364	8658	1	1963
Redwood City	94061	Single-Family Home	5	2	2720	8880	1	1949
Los Altos	94024	Single-Family Home	5	5	5027	0.65 	1	1958
Los Altos	94024	Single-Family Home	4	2.5	2375	9280	1	1965
Saratoga	95070	Single-Family Home	5	2	2016	0.29 	2	1957
Saratoga	95070	Single-Family Home	3	2.5	2327	10800	1	1959
Los Altos	94024	Single-Family Home	3	2	3075	0.39 	1	1951
Mountain View	94043	Condo			784	2000	1	1971
Saratoga	95070	Single-Family Home	4	3	2458	0.38 	1	1965
Sunnyvale	94086	Single-Family Home	3	2	1362	4860	1	1963
Sunnyvale	94086	Condo	2	1.5	760	2002	1	1983
Sunnyvale	94087	Single-Family Home	5	3	2756	7760	2	1960
Saratoga	95070	Single-Family Home	5	4.5	2621	8029	1	2010
Palo Alto	94303	Single-Family Home	4	2	1870	7125	1	1953
Saratoga	95070	Single-Family Home	5	2.5	3257	1	1	1979
Cupertino	95014	Single-Family Home	3		1064	8734	1	1948
Redwood City	94065	Single-Family Home	3	2.5	1890	6400	2	1969
Sunnyvale	94085	Single-Family Home	3	2	1501	6200	1	1954
Palo Alto	94306	Single-Family Home	3	2	1094	3123	1	1945
Sunnyvale	94086	Condo	3	2.5	2082	2375	3	1988
Los Altos	94024	Single-Family Home	3	2	1872	0.26 	1	1956
Santa Clara	95051	Single-Family Home	4	2.5	1618	3175	2	2015
Santa Clara	95051	Single-Family Home	3	2	1873	6000	1	1960
Santa Clara	95051	Single-Family Home	3	2	1056	6600	1	1958
Mountain View	94040	Single-Family Home	4	2.5	1604	7910	1	1958
Palo Alto	94306	Single-Family Home	3		1669	5586	1	1907
Santa Clara	95050	Single-Family Home	3		1021	6270	1	1951
Sunnyvale	94087	Single-Family Home	4	2	1570	6000	1	1962
Sunnyvale	94089	Condo	3	2.5	1615	1077	2	2006
Santa Clara	95051	Single-Family Home	4	2	1730	5500	1	1957
Saratoga	95070	Single-Family Home	4	2	1551	8352	1	1959
Sunnyvale	94086	Condo	2	2.5	1468	1319	2	2004
Menlo Park	94025	Single-Family Home	3	2	2045	7800	1	1949
Santa Clara	95051	Single-Family Home	3		897	8313	1	1954
Mountain View	94041	Single-Family Home	3	3	1408	2336	2	1999
Santa Clara	95050	Single-Family Home	3		985	5000	1	1954
Santa Clara	95054	Condo	2	2	1152	1.15 	1	2006
Santa Clara	95051	Single-Family Home	3	2	1285	5200	1	1954
Sunnyvale	94087	Single-Family Home	4	2	1768	8030	1	1958
Redwood City	94062	Single-Family Home	2	2.5	3720	0.32 	2	1941
Menlo Park	94025	Single-Family Home	3	2.5	1897	3638	2	2013
Santa Clara	95051	Single-Family Home	3	2	1492	5454	1	1955
Santa Clara	95051	Single-Family Home	3	2	1604	5742	1	1954
Sunnyvale	94087	Single-Family Home	4	2	1768	8030	1	1959
Mountain View	94040	Single-Family Home	4	2.5	2438	4526	2	2009
Sunnyvale	94085	Condo	3	2.5	1554	1114	3	2014
Menlo Park	94025	Single-Family Home	2		1880	4752	1	1940
Sunnyvale	94087	Single-Family Home	5	3.5	1916	7350	2	1963
Saratoga	95070	Single-Family Home	4	4	4481	1.17 	2	1977
Sunnyvale	94087	Single-Family Home	3	2	1721	6200	1	1964
Palo Alto	94301	Single-Family Home	4	3	2427	5600	2	2007
Saratoga	95070	Single-Family Home	5	5	4203	0.28 	1	2009
Saratoga	95070	Single-Family Home	6	3.5	3840	0.51 	2	1963
Los Altos	94024	Single-Family Home	4	3.5	3215	0.25 	1	2006
Palo Alto	94301	Condo	3	3	2064	1742	1	1961
Redwood City	94061	Single-Family Home	4	2.5	2060	4750	2	1985
Cupertino	95014	Condo	2	1.5	1216	1600	2	1971
Saratoga	95070	Condo	2	2	1158	1158	1	1970
Saratoga	95070	Single-Family Home	2	2	1480	10007	1	1951
Redwood City	94061	Single-Family Home	3	2	1480	6700		1955
Mountain View	94041	Single-Family Home	4	2	1730	10050	2	1978
Palo Alto	94303	Condo	2		906	1950	1	1972
Sunnyvale	94085	Single-Family Home	3	2	1165	5500	1	1954
Mountain View	94041	Single-Family Home	3	2.5	1521	3840	2	1997
Cupertino	95014	Single-Family Home	5	3	1734	0.25 	2	1960
Santa Clara	95050	Condo	2		853	2750	1	1978
Palo Alto	94306	Single-Family Home	4	2	1778	6250	1	1959
Redwood City	94061	Single-Family Home	2	1.5	2000	6825	1	1956
Mountain View	94043	Condo	3	2.5	1352	435	2	1999
Palo Alto	94303	Single-Family Home	2		796	8916	1	1954
Sunnyvale	94086	Condo	3	2.5	2082	2375	3	1985
Saratoga	95070	Single-Family Home	4	3.5	2442	8400	1	2004
Santa Clara	95050	Condo			710	1144	1	1984
Santa Clara	95050	Single-Family Home	3	2	1624	5700	1	1954
Cupertino	95014	Condo	2	2	2119	3660	1	1976
Santa Clara	95051	Single-Family Home	5	3	2365	5600	2	1958
Saratoga	95070	Single-Family Home	4	3	2497	0.26 	1	1960
Redwood City	94061	Townhouse	3	3	1640	861	2	1990
Menlo Park	94025	Single-Family Home	3	2	1950	5005		1947
Saratoga	95070	Single-Family Home	4	3	3089	0.31 	3	1969
Palo Alto	94301	Single-Family Home	4	2	1840	5600	2	1903
Los Altos	94024	Single-Family Home	3	2	1790	9900	1	1956
Los Altos	94022	Single-Family Home	3	3	2896	0.38 	1	1946
East Palo Alto	94303	Single-Family Home	3	2	1110	6752		1979
Santa Clara	95050	Single-Family Home	3	2	1075	5700	1	1952
Palo Alto	94301	Single-Family Home	4	3	3350	8510	2	1961
Palo Alto	94303	Condo	3	2	1212	1316	1	1974
Los Altos	94024	Single-Family Home	5	3.5	3567	9576	2	1990
East Palo Alto	94303	Single-Family Home	3		1040	6500		1947
Redwood City	94061	Single-Family Home	3	2	1340	3975	1	1952
Sunnyvale	94086	Single-Family Home	3	2	1557	6000	1	1974
Palo Alto	94301	Single-Family Home	3	2	1333	6600	1	1951
Sunnyvale	94085	Single-Family Home	3		1600	5500	1	1948
Mountain View	94043	Condo	2	2.5	1407	960	2	1988
Sunnyvale	94089	Single-Family Home	3	2	1108	5940	1	1958
East Palo Alto	94303	Single-Family Home	5	2.5	1390	5000	1	1952
Sunnyvale	94089	Condo	3	2.5	1663	1170	2	2004
Santa Clara	95054	Single-Family Home	3	3.5	2128	2975	2	2002
Saratoga	95070	Single-Family Home	6	4	2989	0.32 	1	1962
Sunnyvale	94086	Single-Family Home	2		798	5000	1	1944
Mountain View	94040	Single-Family Home	5	3.5	2184	0.33 	1	1963
Saratoga	95070	Single-Family Home	2		2316	10000	1	1952
Los Altos	94024	Single-Family Home	3	2	1914	0.32 	1	1958
Sunnyvale	94086	Single-Family Home	2	2	1327	4400	1	1969
Los Altos	94024	Single-Family Home	4	3.5	2791	0.27 	1	1953
Palo Alto	94306	Condo	4	3.5	2049	1580	3	2014
Redwood City	94061	Single-Family Home	3	2	1460	8256		1950
Santa Clara	95051	Condo	2	2	1062	1260	1	1986
Redwood City	94063	Single-Family Home	4		1080	6000		1937
Redwood City	94063	Single-Family Home	3	3	2030	5500	2	1947
Sunnyvale	94086	Condo	2	2.5	1348	630	3	1986
Palo Alto	94301	Single-Family Home	3	2	2550	7500	1	1923
Sunnyvale	94087	Single-Family Home	5	3.5	3206	8470	1	1957
Mountain View	94040	Single-Family Home	3	2	1322	5406	1	1952
Santa Clara	95051	Single-Family Home	3	2	1374	6000	1	1959
Saratoga	95070	Condo	2		876	876	1	1970
Mountain View	94040	Townhouse			756	756	1	1962
Santa Clara	95050	Condo	3	2.5	1412	1271	2	2016
Sunnyvale	94087	Single-Family Home	4	2	1634	5952	1	1963
Sunnyvale	94086	Single-Family Home	3	3.5	2560	5900	2	1965
Menlo Park	94025	Single-Family Home	4	4	2310	5500	2	1947
Sunnyvale	94085	Condo	2	2	1160	1611	1	1996
Sunnyvale	94087	Single-Family Home	4	3	3009	9000	2	1978
Palo Alto	94303	Single-Family Home	5	3	1879	7434	2	1948
Mountain View	94043	Single-Family Home	3	3	1536	3500	2	2006
Santa Clara	95051	Single-Family Home	3	2	1240	5300	1	1954
Menlo Park	94025	Single-Family Home	3	2.5	2180	1950		1976
Sunnyvale	94085	Condo	2	2.5	1349	1088	2	1979
Cupertino	95014	Condo	2	2	1313	2368	1	1979
Santa Clara	95051	Single-Family Home	3	2	1601	4750	1	1954
Los Altos	94022	Single-Family Home	3	3	1749	10800	1	1952
Los Altos	94022	Single-Family Home	3	1.5	2126	0.38 	1	1951
Palo Alto	94303	Single-Family Home	3		1414	6605	1	1947
Mountain View	94043	Condo	3	2.5	1331	435	2	2000
Sunnyvale	94087	Single-Family Home	4	3	3089	8755	2	1986
Redwood City	94063	Multi-Family	4	2	2181	6000	1	1950
Redwood City	94061	Multi-Family	4	2.5	2750	8400	1	1959
Palo Alto	94306	Single-Family Home	5	3	2579	7320	2	1997
Sunnyvale	94086	Condo	3	2.5	1260	513	2	1978
Saratoga	95070	Condo	3	2.5	1510	1378	2	1980
Sunnyvale	94089	Single-Family Home	5	3	1832	7740	1	1957
Santa Clara	95050	Single-Family Home	3	2	1694	5610	1	1951
Cupertino	95014	Single-Family Home	3	2	1272	6500	1	1961
Sunnyvale	94087	Single-Family Home	3	2	1644	8736	1	1956
Palo Alto	94306	Condo	3	2.5	1977	483	2	2008
Cupertino	95014	Single-Family Home	4	2.5	2271	8400	2	1978
Sunnyvale	94086	Condo	2		926	1440	1	1971
Menlo Park	94025	Single-Family Home	3	1.5	1620	5500		1949
Saratoga	95070	Single-Family Home	4	3	2108	9775	2	1964
Saratoga	95070	Single-Family Home	5	4	3147	0.29 	1	1970
Sunnyvale	94087	Single-Family Home	3	2.5	2106	7600	2	1960
Redwood City	94063	Single-Family Home	3	2	1317	6050	1	1951
Santa Clara	95050	Single-Family Home	3	1.5	1323	5700	1	1952
Los Altos	94022	Single-Family Home	3	2	1425	0.25 	1	1951
Palo Alto	94306	Single-Family Home	2		801	5983	1	1946
Cupertino	95014	Single-Family Home	4	3	2366	0.44 	2	1980
Saratoga	95070	Single-Family Home	2	2	1390	7760	1	1956
Santa Clara	95054	Condo	3	2	1361	1.36 	1	2006
Redwood City	94061	Single-Family Home	3	3.5	2760	4600	1	1996
Sunnyvale	94089	Condo	3	2.5	2013	2450	3	1992
Sunnyvale	94087	Condo	2		900	2340	1	1971
Sunnyvale	94087	Condo	2		1197	1475	2	1976
Cupertino	95014	Condo	2	2	1060	1344	2	1973
Santa Clara	95051	Single-Family Home	3	1.5	1324	6300	1	1955
Santa Clara	95051	Single-Family Home	3	2	1252	7070	1	1963
Santa Clara	95050	Single-Family Home	3	2.5	1074	5000	1	1915
Palo Alto	94303	Single-Family Home	4	2	1568	6525	1	1977
Los Altos	94024	Single-Family Home	3	2	1515	6993	1	1946
Saratoga	95070	Single-Family Home	6	4	3855	0.71 	2	1977
Santa Clara	95054	Single-Family Home	4	2	1314	7930	1	1961
Santa Clara	95050	Condo			749	1200	1	1984
Sunnyvale	94087	Single-Family Home	5	3	2569	7600	1	1961
Saratoga	95070	Single-Family Home	3	2.5	3884	1	1	2007
Santa Clara	95050	Condo			716	716	1	1987
Santa Clara	95050	Single-Family Home	3		1357	5940	1	1950
Los Altos	94024	Single-Family Home	3	2	1708	10266	1	1956
Sunnyvale	94085	Single-Family Home	3	2	1165	10500	1	1954
Santa Clara	95054	Single-Family Home	3	3	1590	1943	3	2002
Redwood City	94061	Single-Family Home	2		1100	8880	1	1948
Redwood City	94061	Single-Family Home	4	3	2010	7650	1	1947
Menlo Park	94025	Single-Family Home	2		650	2880	1	1962
Redwood City	94063	Single-Family Home	2		880	3700		1935
Los Altos	94024	Single-Family Home	4	3	2570	10080	1	1951
Cupertino	95014	Single-Family Home	3	2	1552	7490	1	1960
Mountain View	94040	Condo			910	910	1	1963
Sunnyvale	94087	Condo	2	2	1189	2214	1	1983
Palo Alto	94303	Single-Family Home	4	3	3029	0.38 	1	1953
Sunnyvale	94086	Single-Family Home	3	1.5	1144	6000	1	1954
Saratoga	95070	Single-Family Home	4	2	2303	0.27 	1	1970
Sunnyvale	94086	Condo	2	1.5	785	2002	1	1983
Santa Clara	95054	Condo	3	2.5	1458	2444	2	2005
Sunnyvale	94087	Single-Family Home	3	2	1233	6360	1	1949
Santa Clara	95051	Single-Family Home	4	2	1315	6480	1	1959
Los Altos	94024	Single-Family Home	4	2	1701	10235	1	1959
Santa Clara	95051	Single-Family Home	3	3.5	2231	1212	3	2010
Palo Alto	94303	Single-Family Home	4	2	1951	9030	1	1950
Santa Clara	95051	Single-Family Home	3	2	1078	5050	1	1955
Santa Clara	95051	Condo	2		712	712	1	1972
Sunnyvale	94085	Single-Family Home	3	1.5	1132	5824	1	1952
Sunnyvale	94087	Single-Family Home	4	2	1530	6300	1	1968
Sunnyvale	94086	Single-Family Home	3	2	1571	6944	1	1970
Sunnyvale	94085	Condo	4	3.5	1882	1206	3	2011
Mountain View	94040	Single-Family Home	3		1120	4620	1	1930
Santa Clara	95051	Single-Family Home	3	2	1166	6370	1	1954
Los Altos	94024	Single-Family Home	3	3.5	2775	0.52 	1	1963
Santa Clara	95054	Single-Family Home	4	2	1167	7100	1	1960
Mountain View	94040	Single-Family Home	3		1032	5022	1	1952
Santa Clara	95054	Condo	3	2.5	1646	2444	2	2005
Mountain View	94043	Condo	2	2	1052	2066	1	1969
Redwood City	94061	Single-Family Home	2		1090	6240	1	1952
Redwood City	94061	Single-Family Home	3	3	1630	7200		1953
Mountain View	94040	Single-Family Home	4	3	1728	5160	1	1954
Santa Clara	95051	Single-Family Home	3	2	1254	5247	1	1955
Redwood City	94063	Single-Family Home			510	3350		1953
Santa Clara	95050	Single-Family Home	3	2	1560	6240	1	1955
Sunnyvale	94087	Single-Family Home	3	2	1406	6000	1	1963
Saratoga	95070	Single-Family Home	3	2	1335	10164	1	1957
Los Altos	94024	Single-Family Home	4	3	1806	0.27 	1	1948
Sunnyvale	94085	Single-Family Home	5	3	2159	6032	1	1953
Sunnyvale	94086	Single-Family Home	4	2.5	1479	6045	1	1962
East Palo Alto	94303	Single-Family Home	2		860	5000		1948
Redwood City	94062	Single-Family Home	3	2	1260	9435	1	1959
Mountain View	94040	Single-Family Home	4	3	2857	5439	2	1997
Mountain View	94043	Condo	3	1.5	1128	960	2	1971
Los Altos	94024	Single-Family Home	3	2	1618	10878	1	1951
Palo Alto	94306	Condo	2	2.5	1375	1160	2	1992
Cupertino	95014	Single-Family Home	4	2	1248	5974	1	1958
Santa Clara	95051	Single-Family Home	4	2	2061	8540	1	1958
Santa Clara	95054	Single-Family Home	3	2.5	1671	2797	2	2003
Mountain View	94041	Condo	3	3.5	1591	2520	3	2011
Sunnyvale	94087	Single-Family Home	4	3	2489	8080	2	1965
Santa Clara	95054	Single-Family Home	3	2	1207	6000	1	1961
Mountain View	94043	Single-Family Home	2	2	1282	6264	1	1950
Menlo Park	94025	Single-Family Home	4	3.5	2984	9454	2	2014
East Palo Alto	94303	Single-Family Home	3		1130	4505	1	1954
East Palo Alto	94303	Single-Family Home	3		1010	6050		1952
Sunnyvale	94087	Condo	2	2	1440	1200	1	1988
Menlo Park	94025	Single-Family Home	4	3	3070	10850	2	1951
Menlo Park	94025	Single-Family Home	3	2	1170	6000		1947
Santa Clara	95050	Single-Family Home	3		1080	5400	1	1957
Palo Alto	94301	Single-Family Home	5	2.5	2830	8470	2	1965
Sunnyvale	94085	Condo	2		926	960	1	1972
East Palo Alto	94303	Single-Family Home	3	2	1150	5500		1956
Sunnyvale	94086	Single-Family Home	3		1215	0.3 	1	1952
Cupertino	95014	Single-Family Home	5	4.5	3156	6681	2	2015
Palo Alto	94303	Single-Family Home	4	2.5	2170	6930	2	1958
Palo Alto	94306	Condo	2	2.5	1554	759	3	2008
Los Altos	94024	Single-Family Home	5	3.5	3328	10807	1	1969
Sunnyvale	94087	Single-Family Home	3	2	1541	6572	1	1956
Menlo Park	94025	Single-Family Home	3	2.5	2500	1890	3	1973
Saratoga	95070	Single-Family Home	3		1370	8748	1	1954
Menlo Park	94025	Single-Family Home	3	1.5	1740	10600	1	1919
Santa Clara	95050	Single-Family Home	3	2	1340	5520	1	1957
Saratoga	95070	Single-Family Home	4	2.5	2102	10030	1	1964
Redwood City	94061	Multi-Family	4	2	2208	6200	1	1959
Menlo Park	94025	Single-Family Home	3	2.5	2280	1950	2	1975
Santa Clara	95050	Condo	3	2.5	1872	1200	2	1981
Santa Clara	95051	Condo			622	696	1	1971
Cupertino	95014	Condo	3	2.5	1625	2059	2	1976
Redwood City	94062	Single-Family Home	3	3.5	2078	8700	1	1946
Redwood City	94062	Single-Family Home	4	3.5	2180	7540		1962
Sunnyvale	94087	Single-Family Home	4	3	2295	6324	2	1968
Palo Alto	94306	Single-Family Home	3	2	2288	6555	1	1948
Saratoga	95070	Single-Family Home	4	3	2571	8774	1	2007
Cupertino	95014	Condo	2	2	1428	1294	2	2008
Santa Clara	95051	Single-Family Home	3	2	1207	6500	1	1960
Sunnyvale	94087	Single-Family Home	4	2	1888	7300	1	1961
Sunnyvale	94087	Condo			590	1864	1	2006
Palo Alto	94301	Single-Family Home	4	4.5	3369	0.28 	2	2006
Santa Clara	95051	Single-Family Home	5	2.5	2747	0.65 	1	1964
Redwood City	94061	Multi-Family	4	3	3220	7753	2	1969
Sunnyvale	94087	Single-Family Home	3	2	1407	6860	1	1962
Santa Clara	95051	Single-Family Home	5	3	2069	6363	2	1954
Palo Alto	94301	Single-Family Home	3		1356	5600	1	1925
Mountain View	94043	Condo	3	2.5	1369	894	2	2006
Palo Alto	94303	Single-Family Home	5	5.5	4659	0.33 	2	2006
Palo Alto	94306	Condo	3	2	1890	4225	1	1980
Sunnyvale	94087	Single-Family Home	3	1.5	1227	8500	1	1954
Santa Clara	95051	Condo	3	2.5	1332	871	2	1986
Santa Clara	95050	Condo	2	2.5	1458	1524	3	2010
Redwood City	94061	Single-Family Home	4	2	2250	10790	1	1951
Menlo Park	94025	Single-Family Home	3		1220	5500	1	1951
Santa Clara	95051	Condo	3	1.5	1311	1608	2	1972
Saratoga	95070	Condo	3	2	2905	435	2	1978
East Palo Alto	94303	Single-Family Home	2		1010	6500	1	1936
Redwood City	94062	Single-Family Home	3	2.5	2110	10000	2	1981
Los Altos	94022	Single-Family Home	4	3	2525	0.31 	1	1952
Sunnyvale	94089	Single-Family Home	3	2	1000	5512	1	1957
Sunnyvale	94086	Condo	2	1.5	974	760	2	1971
Saratoga	95070	Single-Family Home	5	6	5569	2.75 	2	1997
Menlo Park	94025	Single-Family Home	3	3	2000	2325	2	1989
Sunnyvale	94089	Condo	3	2.5	1646	2606	2	2008
Saratoga	95070	Single-Family Home	4	3	2568	0.29 	2	1964
Palo Alto	94306	Single-Family Home	3	2	1525	7560	1	1954
Palo Alto	94306	Single-Family Home	3	3	2283	9040	2	1996
Sunnyvale	94086	Single-Family Home	3	2	1557	6111	1	1975
Mountain View	94040	Single-Family Home	3	2	1280	6200	1	1955
Saratoga	95070	Single-Family Home	5	3	4093	0.5 	1	1977
Cupertino	95014	Single-Family Home	4	2	1514	7650	1	1961
Cupertino	95014	Single-Family Home	3		1616	9620	1	1951
Redwood City	94062	Single-Family Home	4	2.5	2790	0.41 	2	1948
Santa Clara	95050	Condo			820	820	1	2007
Sunnyvale	94087	Single-Family Home	3	2	1272	6300	1	1955
Cupertino	95014	Single-Family Home	4	2	1591	6000	1	1960
Santa Clara	95054	Single-Family Home	5	3	2326	3506	2	1997
Redwood City	94061	Single-Family Home	3		1020	6215	1	1951
Palo Alto	94303	Condo	2	2.5	1435	2640	2	1985
Los Altos	94022	Single-Family Home	3	2	1805	10406	1	1952
Santa Clara	95054	Condo	2	2	1070	834	1	2006
Cupertino	95014	Single-Family Home	5	2	2029	0.28 	1	1965
Los Altos	94024	Single-Family Home	3	2	1928	0.27 	1	1968
Cupertino	95014	Single-Family Home	3	2	1406	0.38 	1	1955
Mountain View	94041	Condo	2	2.5	1332	1160	1	2008
Sunnyvale	94087	Single-Family Home	3	2	1540	4410	2	1969
Los Altos	94024	Single-Family Home	5	3.5	3175	0.35 	2	1950
Cupertino	95014	Townhouse	3	2.5	1616	2356	2	1981
Santa Clara	95054	Condo	3	2.5	1564	1491	2	1973
Redwood City	94063	Single-Family Home	3	2	1330	5000	1	1946
Santa Clara	95051	Single-Family Home	4	2	1452	5050	1	1954
Santa Clara	95051	Single-Family Home	3	2.5	2555	9785	1	1972
Los Altos	94024	Single-Family Home	3	3	2133	0.41 	1	1951
Sunnyvale	94086	Condo	2		926	1440	1	1971
Santa Clara	95054	Condo	3	2.5	1894	2252	2	2005
Menlo Park	94025	Single-Family Home	3	2	1290	9040	1	1948
Santa Clara	95051	Single-Family Home	3		1040	7500	1	1950
Sunnyvale	94087	Single-Family Home	3	2	1524	6600	1	1957
Palo Alto	94301	Single-Family Home	3	3	2687	8750	1	1942
Mountain View	94043	Condo	3	2	1414	3360	1	1980
Sunnyvale	94087	Single-Family Home	4	2	2448	9576	1	1950
Cupertino	95014	Condo	2	2	1210	401	1	2003
Sunnyvale	94086	Single-Family Home	5	2.5	2149	8648	2	1970
Sunnyvale	94087	Condo	2	2.5	1171	1864	2	2006
Sunnyvale	94087	Single-Family Home	3	2	2058	8307	1	1956
Redwood City	94061	Single-Family Home	3	1.5	1140	6440	1	1950
Santa Clara	95050	Condo	2		917	1144	1	1984
Mountain View	94043	Single-Family Home	3	2	1713	5194	1	1954
Los Altos	94024	Single-Family Home	3	2	1486	0.28 	1	1951
Redwood City	94062	Single-Family Home	3	2.5	1560	6570		1951
Cupertino	95014	Condo	2	2	1169	1294	1	2008
Sunnyvale	94087	Single-Family Home	3		1484	5800	1	1953
Saratoga	95070	Single-Family Home	3	5.5	4956	1.27 	3	1995
Redwood City	94061	Single-Family Home	4	2.5	2250	6806	2	1997
Mountain View	94043	Condo	2		843	2000	1	1971
Cupertino	95014	Single-Family Home	4	2.5	1881	6120	2	1964
Redwood City	94065	Single-Family Home	2	2	1280	3655	1	1986
Sunnyvale	94086	Single-Family Home	3		1040	5150	1	1952
Santa Clara	95050	Single-Family Home	3	2	1013	5940	1	1954
Sunnyvale	94085	Condo	3	2	1283	1400	1	1995
Sunnyvale	94087	Condo	3	1.5	1296	792	2	1972
Cupertino	95014	Single-Family Home	5	3.5	4642	0.57 	3	1984
Menlo Park	94025	Single-Family Home	3	3	2840	3248	2	1987
Mountain View	94040	Single-Family Home	3	3	1770	8175	1	1964
Sunnyvale	94087	Single-Family Home	4	2	1811	7280	2	1962
Los Altos	94022	Condo	3	2.5	1565	435	2	2014
Los Altos	94022	Condo	2		990	1936	1	1964
Sunnyvale	94087	Single-Family Home	3	2	1407	6138	1	1964
Cupertino	95014	Single-Family Home	3	2	1652	9396	1	1958
Palo Alto	94301	Condo	2	2	1334	1330	1	1981
Santa Clara	95054	Single-Family Home	4	2.5	1705	2955	2	2000
East Palo Alto	94303	Single-Family Home	2		1280	5000		1948
Mountain View	94043	Condo	2	2	998	2400	1	1978
Menlo Park	94025	Single-Family Home	3	2.5	1665	3088	2	2008
Redwood City	94061	Multi-Family	6	3	5804	8190	2	1948
Los Altos	94022	Single-Family Home	5	3.5	3436	0.32 	2	1989
Mountain View	94043	Condo	2	2.5	1147	918	2	1988
Mountain View	94043	Condo	3	2.5	1611	2625	2	1978
Santa Clara	95050	Single-Family Home	4		1124	5610	1	1951
Palo Alto	94306	Single-Family Home	3		1050	7910	1	1948
Cupertino	95014	Condo	2	2.5	1199	2070	2	1990
Sunnyvale	94085	Condo	2	2.5	1322	1206	3	2011
Santa Clara	95054	Single-Family Home	4	2.5	2627	4099	2	2002
Mountain View	94043	Condo	3	2	1414	3360	1	1980
Redwood City	94061	Single-Family Home	3	2	1810	6120	1	1953
Santa Clara	95051	Condo	2	2	1067	7000	1	1971
Cupertino	95014	Single-Family Home	3		1048	5700	1	1954
Santa Clara	95051	Townhouse	2		947	1708	1	1963
Sunnyvale	94089	Townhouse	2	1.5	1281	980	2	1979
Santa Clara	95054	Single-Family Home	4	2	1362	6969	1	1962
Sunnyvale	94085	Condo	3	3	1480	1154	3	2005
Cupertino	95014	Single-Family Home	3	1.5	1506	9375	1	1952
Sunnyvale	94087	Single-Family Home	3	2	1632	7400	1	1958
Redwood City	94062	Single-Family Home	3		1060	6069	1	1948
Los Altos	94022	Single-Family Home	2	2	1537	0.29 	1	1992
Redwood City	94065	Single-Family Home	3	2.5	2430	4268	2	1996
Santa Clara	95051	Single-Family Home	6	3.5	2758	6592	1	1961
Sunnyvale	94085	Single-Family Home	3	2	1300	5200	1	1956
Redwood City	94061	Multi-Family	4	2	2183	5396	1	1946
Palo Alto	94306	Single-Family Home	3	2	1752	9375	1	1950
Palo Alto	94303	Single-Family Home	3	3	3067	9514	1	1948
Palo Alto	94303	Single-Family Home	2		1006	9387	1	1946
Los Altos	94022	Condo	2	2	1334	1306	1	1968
Cupertino	95014	Condo	2	2	1313	2368	1	1979
Mountain View	94040	Condo			789	789	1	1999
Mountain View	94040	Single-Family Home	4	2	1955	8056	1	1963
Menlo Park	94025	Single-Family Home	5	4.5	3545	0.27 	2	2009
Mountain View	94040	Condo	3	3	1421	931	3	1996
Palo Alto	94306	Single-Family Home	4	2	1891	7645	1	1950
Saratoga	95070	Single-Family Home	5	3	2731	0.33 	1	1962
Mountain View	94040	Condo	2	2	1206	1880	1	1977
Santa Clara	95051	Single-Family Home	3	2	1166	5406	1	1955
Sunnyvale	94087	Condo	3	2.5	1618	1155	3	2014
Los Altos	94022	Single-Family Home	3	2	1669	10605	1	1952
Redwood City	94061	Single-Family Home	3	2	1290	5808	1	1952
Santa Clara	95051	Single-Family Home	3	2	1240	5555	1	1956
Santa Clara	95050	Condo	3	2	1580	1300	3	1987
Redwood City	94061	Single-Family Home	4	3	2170	4455	2	1985
Santa Clara	95050	Condo			716	716	1	1987
Palo Alto	94303	Single-Family Home	3	2	1288	6000	1	1954
Redwood City	94063	Multi-Family	5	2	2483	7875	1	1958
Santa Clara	95050	Single-Family Home	3	1.5	1059	5400	1	1954
Sunnyvale	94086	Single-Family Home	5	3	2374	5500	1	1954
Palo Alto	94301	Single-Family Home	3	3.5	3003	8400	2	1918
Menlo Park	94025	Single-Family Home	3	2	1490	7490	1	1951
Los Altos	94022	Condo	3	2	1861	1861	1	1997
Sunnyvale	94086	Single-Family Home	3	2	1372	5795	1	1961
Santa Clara	95050	Single-Family Home	5	3	2390	3513	2	2013
Sunnyvale	94087	Single-Family Home	3	2	1624	5978	1	1962
Mountain View	94040	Condo			668	720	1	1965
Redwood City	94063	Single-Family Home	3		970	5000	1	1950
Mountain View	94041	Single-Family Home	3	2.5	1642	4416	2	2002
Santa Clara	95051	Condo			440	484	1	1971
Mountain View	94041	Single-Family Home	2		830	5625	1	1918
Menlo Park	94025	Single-Family Home	3	2.5	2340	10050	2	1974
Los Altos	94022	Single-Family Home	4	3	2727	10400	2	1964
Los Altos	94024	Single-Family Home	4	2.5	2293	9546	1	1964
Sunnyvale	94086	Single-Family Home	3	1.5	1214	6000	1	1954
Santa Clara	95054	Condo	3	3	1588	2180	2	2005
Redwood City	94063	Single-Family Home	3	2	1460	5500	1	1947
Santa Clara	95050	Condo	3	2	1630	1630	1	2007
Redwood City	94061	Single-Family Home	3		1280	6100	1	1940
Redwood City	94062	Single-Family Home	2	2	1710	0.29 	1	1937
Mountain View	94043	Condo	3	2.5	1703	1131	3	2008
Menlo Park	94025	Single-Family Home	4	2	2000	0.31 	1	1958
Santa Clara	95051	Single-Family Home	3		897	5300	1	1955
Mountain View	94043	Single-Family Home	3	2	1270	5200	1	1955
Mountain View	94040	Condo			812	1395	1	1965
Mountain View	94043	Condo	3	2	1414	3360	1	1980
Los Altos	94022	Single-Family Home	5	5	3436	0.29 	1	1953
Palo Alto	94303	Single-Family Home	2		1114	5830	1	1948
Santa Clara	95051	Condo	2		712	712	1	1972
Sunnyvale	94087	Single-Family Home	3	2	1502	0.26 	1	1957
Sunnyvale	94086	Single-Family Home	3		1246	5184	1	1930
Los Altos	94024	Single-Family Home	4	2.5	2557	8700	1	1993
Sunnyvale	94086	Condo	3	2.5	1781	3735	2	1981
Los Altos	94022	Single-Family Home	3	2	1656	9875	1	1950
Santa Clara	95050	Condo			716	716	1	1987
Sunnyvale	94086	Single-Family Home	2		773	3248	1	1947
Redwood City	94061	Single-Family Home	3	2	1620	5985	1	1930
Sunnyvale	94086	Single-Family Home	3	2	1305	6200	1	1956
Los Altos	94024	Single-Family Home	4	2.5	2042	0.25 	1	1960
Saratoga	95070	Single-Family Home		2	2255	7950	1	1962
Los Altos	94024	Single-Family Home	3	2	1704	5200	2	1980
Mountain View	94043	Condo	2		1087	3135	1	1978
Santa Clara	95051	Single-Family Home	4	2	1418	6000	1	1961
Cupertino	95014	Single-Family Home	3	2	1632	6480	1	1959
Menlo Park	94025	Single-Family Home	4	2.5	2480	0.34 	1	1949
Saratoga	95070	Condo	3	3	2195	1200	2	1993
Redwood City	94062	Single-Family Home	2	1.5	1240	6750	1	1948
Redwood City	94065	Single-Family Home	4	2.5	1860	3126	2	1998
Redwood City	94061	Single-Family Home	3		980	6160		1951
Cupertino	95014	Single-Family Home	4	2	1568	6600	1	1960
Mountain View	94040	Single-Family Home	3	2.5	2249	4592	2	1986
Sunnyvale	94086	Condo	2	2	1238	1234	1	2008
Cupertino	95014	Single-Family Home	3		1048	5356	1	1954
Palo Alto	94301	Single-Family Home	2		1430	5893	1	1937
Mountain View	94040	Condo	2		935	1395	1	1965
Santa Clara	95051	Single-Family Home	3		1068	5000	1	1954
Sunnyvale	94086	Single-Family Home	3	2	1391	5000	1	1942
Palo Alto	94303	Single-Family Home	4	2	1714	6561	1	1948
Saratoga	95070	Single-Family Home	5	3	2575	0.41 	1	1963
Menlo Park	94025	Single-Family Home	4	4.5	5030	0.5 	2	1998
Sunnyvale	94086	Single-Family Home	4	3.5	1964	6500	2	1928
Palo Alto	94301	Condo	2	2.5	1407	710	2	1990
Sunnyvale	94085	Condo		1.5	1105	1575	3	2005
Saratoga	95070	Condo	3	2.5	2416	2380	2	2012
Santa Clara	95051	Single-Family Home	3	2	1604	6000	1	1959
Santa Clara	95051	Single-Family Home	5	3	1853	7200	1	1958
Sunnyvale	94085	Condo	2	2.5	1198	1206	3	2011
Palo Alto	94301	Condo	3	2.5	1973	1973	1	1981
East Palo Alto	94303	Single-Family Home	3		1010	4791		1952
Redwood City	94063	Single-Family Home	2		930	5000	1	1949
Los Altos	94024	Single-Family Home	4	2.5	1874	0.25 	1	1952
Palo Alto	94303	Single-Family Home	4	2	1684	7770	1	1958
Santa Clara	95051	Condo	4	1.5	1476	1728	2	1971
Sunnyvale	94089	Condo	3	2.5	1663	1116	2	2004
Santa Clara	95050	Condo			653	871	1	1972
Menlo Park	94025	Single-Family Home	4	4.5	2260	6250	1	1970
Santa Clara	95051	Single-Family Home	3	2	1207	6000	1	1960
Sunnyvale	94087	Condo	2	2	1440	1200	1	1988
Mountain View	94043	Condo	3	2.5	1658	4069	2	1988
Redwood City	94063	Single-Family Home	2		1050	5000	1	1947
Santa Clara	95050	Single-Family Home	2		838	5000	1	1946
Menlo Park	94025	Single-Family Home	2		790	5350		1938
Mountain View	94040	Single-Family Home	4	3.5	2498	8262	2	2011
Menlo Park	94025	Single-Family Home	3	1.5	1220	5700	1	1951
Palo Alto	94306	Single-Family Home	3		990	6270	1	1952
Sunnyvale	94089	Condo	3	2.5	1459	2171	2	2009
Santa Clara	95054	Condo	2	2	1280	1280	1	2005
Santa Clara	95054	Condo	3	3.5	1645	1742	3	2009
Menlo Park	94025	Single-Family Home	4	3	2160	5650	1	1935
Saratoga	95070	Single-Family Home	4	2.5	2355	0.3 	1	1960
Palo Alto	94303	Single-Family Home	3	3	1658	6030	1	1951
Mountain View	94041	Single-Family Home			591	9000	1	1925
Mountain View	94041	Single-Family Home			821	5880	1	1928
Sunnyvale	94086	Single-Family Home	4	2.5	1479	6048	1	1962
Los Altos	94024	Single-Family Home	3	2.5	3538	0.28 	2	1977
Santa Clara	95051	Single-Family Home	3	2.5	1684	9660	2	1960
Santa Clara	95051	Single-Family Home	3		897	5940	1	1955
Mountain View	94043	Condo			784	2000	1	1971
Santa Clara	95051	Single-Family Home	3	2	1240	7650	1	1956
Los Altos	94024	Single-Family Home	4	2.5	2211	9375	1	1953
Palo Alto	94306	Condo	3	3	1406	662	2	2008
Palo Alto	94303	Single-Family Home	3	2	1763	9360	1	1949
Saratoga	95070	Single-Family Home	6	6	7951	1.31 	2	2003
Santa Clara	95050	Single-Family Home	3	2	1407	6105	1	1954
Santa Clara	95051	Single-Family Home	3	2.5	1992	0.33 	1	1951
Santa Clara	95051	Single-Family Home	3	2	1302	5978	1	1962
Palo Alto	94306	Condo	2	2	1293	1634	1	1977
Menlo Park	94025	Single-Family Home	3		1110	6000		1949
Sunnyvale	94086	Condo	2	2.5	1626	2538	2	1980
Santa Clara	95050	Single-Family Home	4	2.5	1902	3187	2	2000
Santa Clara	95051	Single-Family Home	3	2	1442	8662	1	1963
Los Altos	94024	Single-Family Home	5	2.5	2192	0.29 	1	1961
Saratoga	95070	Single-Family Home	4	2	1908	0.34 	1	1975
Mountain View	94040	Single-Family Home	4	2.5	2411	8001	2	1971
Santa Clara	95050	Condo	2	2	876	960	1	1987
Mountain View	94040	Single-Family Home	3	2.5	1445	2800	2	1986
Santa Clara	95054	Condo	3	2.5	1700	2180	2	2005
Mountain View	94040	Single-Family Home	3	2	1531	7470	1	1954
Redwood City	94061	Single-Family Home	4	2	1810	5250	1	1952
Palo Alto	94303	Single-Family Home	3	2	1657	6000	1	1950
Sunnyvale	94086	Single-Family Home	3	2	1308	5000	1	1944
Menlo Park	94025	Single-Family Home	3	2	1690	8208		1952
Menlo Park	94025	Single-Family Home	2		1020	6000		1940
Sunnyvale	94087	Single-Family Home	4	2	1701	6572	1	1971
Sunnyvale	94087	Single-Family Home	5	3	2365	0.33 	1	1968
Mountain View	94043	Condo	2	2	1338	1536	1	1983
Sunnyvale	94087	Single-Family Home	4	3	2342	7696	1	1957
Saratoga	95070	Condo	3	2.5	1781	1032	2	1996
Mountain View	94043	Condo	2	2	978	2000	1	1971
Saratoga	95070	Single-Family Home	5	5.5	4087	0.41 	1	1961
Redwood City	94062	Single-Family Home	3	2	1160	7250	1	1947
Cupertino	95014	Single-Family Home	4	2	1760	8100	1	1962
Palo Alto	94306	Single-Family Home	3	2	1601	6250	1	1950
Cupertino	95014	Single-Family Home	4	3	2138	4947	2	1994
Santa Clara	95054	Single-Family Home	3	3.5	1657	1824	3	2004
Sunnyvale	94087	Single-Family Home	4	3	3062	6700	2	1968
Palo Alto	94306	Single-Family Home	4	2.5	2370	6250	2	2002
Santa Clara	95050	Single-Family Home	3	2	1518	6360	1	1960
Menlo Park	94027	Single-Family Home	3	2	1980	8640		1940
Sunnyvale	94087	Single-Family Home	4	2	1926	9196	1	1963
Menlo Park	94025	Single-Family Home	3		920	2675		1954
Sunnyvale	94087	Condo	3	2.5	1922	1800	2	1974
Redwood City	94061	Single-Family Home	3	2	1380	6160		1952
Santa Clara	95050	Single-Family Home	3	2	1741	6720	1	1955
Los Altos	94024	Single-Family Home	5	4.5	5185	0.48 	3	2010
Redwood City	94061	Single-Family Home	3		1340	0.32 	1	1925
Redwood City	94061	Single-Family Home	2	2	1470	5100	1	1950
Sunnyvale	94087	Single-Family Home	4	2	1409	7171	1	1959
Sunnyvale	94089	Single-Family Home	3		1086	5250	1	1953
Sunnyvale	94087	Single-Family Home	3	1.5	1227	9300	1	1954
East Palo Alto	94303	Single-Family Home	6	2.5	1980	5000		1951
Cupertino	95014	Condo	2	2	2119	3660	1	1976
Cupertino	95014	Single-Family Home	4	4	2244	5985	1	2014
Saratoga	95070	Single-Family Home	3	2	1670	9150	1	1958
Redwood City	94061	Single-Family Home	2		780	5200	1	1926
Mountain View	94043	Single-Family Home	2		792	2300	1	1930
Palo Alto	94306	Single-Family Home	4	3	2271	6250	2	2008
Los Altos	94024	Single-Family Home	4	3.5	2102	9990	2	1966
Saratoga	95070	Single-Family Home	4	4.5	4450	0.91 	2	1976
Mountain View	94043	Condo	3	2.5	2009	1372	2	1983
Sunnyvale	94087	Single-Family Home	4	2	1751	8064	1	1959
Palo Alto	94303	Single-Family Home	5	2.5	2656	7020	2	1963
Santa Clara	95051	Single-Family Home	3	2.5	1534	5700	2	1956
Menlo Park	94025	Single-Family Home	3		980	6500	1	1944
Santa Clara	95054	Condo			870	435	1	2006
Saratoga	95070	Single-Family Home	3	2	1709	10165	1	1957
Mountain View	94043	Condo	2	2	1136	2000	1	1971
Mountain View	94040	Single-Family Home	4	2.5	2059	8025	1	1963
Palo Alto	94306	Single-Family Home	3	2	1539	5900	1	1959
Sunnyvale	94087	Single-Family Home	3	2	1274	9125	1	1950
Mountain View	94040	Single-Family Home	4	3.5	3003	10440	2	2006
Saratoga	95070	Single-Family Home	6	3.5	3851	1.1 	1	1962
Sunnyvale	94087	Condo	2	1.5	1184	1004	2	1972
Saratoga	95070	Single-Family Home	4	2	1863	8062	1	1957
Palo Alto	94303	Condo	4	3.5	1858	1002	3	2010
Santa Clara	95051	Condo	2		984	984	1	2007
Redwood City	94061	Single-Family Home	3		1600	6240	1	1953
Mountain View	94040	Condo	2		939	1300	1	1975
Mountain View	94043	Single-Family Home	3	2.5	1375	2640	2	1998
Palo Alto	94303	Condo	3	2.5	1629	2153	3	2009
Saratoga	95070	Single-Family Home	3	2	2116	10350	1	1967
Santa Clara	95050	Condo	3	2	1484	1271	2	2016
Mountain View	94040	Single-Family Home	3	3.5	1874	4304	2	2006
Santa Clara	95050	Single-Family Home	3		1144	7800	1	1946
Sunnyvale	94087	Single-Family Home	3		1041	6000	1	1953
Saratoga	95070	Single-Family Home	3		1092	10000	1	1951
Sunnyvale	94085	Single-Family Home	3	2.5	1384	3648	2	1999
Palo Alto	94301	Condo			828	1307	1	1960
Sunnyvale	94087	Single-Family Home	3	2	1289	7700	1	1957
Cupertino	95014	Condo	3	2	1430	3825	1	1972
Saratoga	95070	Single-Family Home	3	2.5	3714	1.73 	1	1960
Los Altos	94022	Single-Family Home	4	3	2895	0.25 	2	1973
Santa Clara	95050	Condo	2	2	1573	1392	2	1981
Mountain View	94040	Single-Family Home	2		825	8820	1	1947
Sunnyvale	94087	Single-Family Home	4	2	1952	9200	1	1959
Santa Clara	95051	Single-Family Home	3	2	1238	5050	1	1955
Santa Clara	95051	Single-Family Home	3	2	1320	5000	1	1954
Palo Alto	94301	Single-Family Home	5	5	16564	0.38 	2	1938
East Palo Alto	94303	Single-Family Home	3		1030	5500	1	1951
Saratoga	95070	Single-Family Home	4	3.5	3497	0.43 	1	1968
Los Altos	94024	Single-Family Home	4	3	2411	10080	2	1968
Saratoga	95070	Single-Family Home	5	2	2543	0.55 	1	1956
Palo Alto	94303	Single-Family Home	4	3	2399	8700	2	1955
Saratoga	95070	Single-Family Home	3		1106	10710	1	1958
Sunnyvale	94087	Single-Family Home	4	2.5	2178	6666	2	1968
Santa Clara	95050	Single-Family Home	2		936	3510	1	1920
Redwood City	94062	Single-Family Home	3	2	1300	6500	1	1937
Santa Clara	95054	Condo	4	3	1930	2444	2	2005
Cupertino	95014	Condo	3	2.5	1727	1740	2	1975
Santa Clara	95054	Condo	2	2	1148	1148	1	2005
East Palo Alto	94303	Single-Family Home	3		1010	6450		1953
Sunnyvale	94086	Single-Family Home	3	2	1418	5600	1	1956
Sunnyvale	94087	Condo	2	2	930	1391	1	1987
Menlo Park	94025	Single-Family Home	2		990	5300		1950
Menlo Park	94025	Single-Family Home	3	3	1900	2346	2	1972
Palo Alto	94301	Condo	2	2	1469	435	1	1982
Cupertino	95014	Single-Family Home	3	2	1511	7488	1	1960
Redwood City	94062	Single-Family Home	4	2.5	2570	10100		1996
Sunnyvale	94086	Condo	4	3	1765	1664	2	2007
Menlo Park	94025	Income/Investment	10	10	4720	1.05 	1	1938
Sunnyvale	94087	Condo	2	2	1092	1952	1	1972
Palo Alto	94306	Single-Family Home	4	3	2042	0.28 	1	1948
Los Altos	94024	Single-Family Home	3	3	2067	0.26 	1	1955
Cupertino	95014	Condo	2	2	1087	1296	1	2006
Cupertino	95014	Single-Family Home	4	2	2113	9375	1	1948
Saratoga	95070	Single-Family Home	3	2.5	3207	0.29 	1	2002
East Palo Alto	94303	Single-Family Home	4	2	1570	6630		1955
Santa Clara	95050	Single-Family Home	3	2	1345	7500	1	1930
Sunnyvale	94086	Single-Family Home	3	2.5	1516	2805	2	2004
Redwood City	94062	Single-Family Home	3	3	1575	0.43 	1	1948
Palo Alto	94303	Condo	5	4	2340	1500	3	2009
Los Altos	94024	Single-Family Home	3	2.5	2447	0.31 	1	1960
East Palo Alto	94303	Single-Family Home	2		1170	229.57 	1	1951
Santa Clara	95050	Condo	2		853	2750	1	1978
Redwood City	94062	Single-Family Home	3	2.5	1550	6674	1	1948
Santa Clara	95050	Condo	2	2	1075	1000	1	1985
Palo Alto	94306	Single-Family Home	4	3.5	2687	6432	2	2008
Sunnyvale	94087	Single-Family Home	4	3	2852	7931	2	1978
Palo Alto	94306	Single-Family Home	2		760	3750	1	1938
Menlo Park	94025	Single-Family Home	2	2.5	2270	4638		1985
Cupertino	95014	Single-Family Home	5	5.5	4457	0.26 	2	2011
Los Altos	94024	Single-Family Home	3	2	1548	0.27 	1	1956
Sunnyvale	94087	Single-Family Home	3	2	1756	7600	1	1959
Los Altos	94022	Single-Family Home	5	4.5	3710	0.34 	2	2014
Sunnyvale	94086	Single-Family Home	3	2	1739	6200	1	1966
Cupertino	95014	Single-Family Home	3	2.5	1698	5000	1	1962
Mountain View	94040	Single-Family Home	4	2.5	2454	8100	2	1976
Los Altos	94024	Single-Family Home	3	3.5	4502	0.51 	3	1981
East Palo Alto	94303	Single-Family Home	3		980	3567	1	1962
Menlo Park	94025	Single-Family Home	3	2	1310	6480	1	1949
Saratoga	95070	Single-Family Home	4	2.5	2120	9439	1	1995
Redwood City	94063	Single-Family Home	2	2	1850	6700	1	1939
Saratoga	95070	Single-Family Home	5	3.5	2678	0.32 	1	1963
Santa Clara	95054	Single-Family Home	4	2.5	2036	2930	2	2002
Palo Alto	94306	Single-Family Home	3	2	1336	6360	1	1956
Sunnyvale	94086	Single-Family Home	4	2	2108	6120	1	1964
Redwood City	94063	Multi-Family	2	2	1697	4850	1	1924
Sunnyvale	94087	Condo	2		1197	1475	2	1976
Palo Alto	94301	Single-Family Home	3	2.5	1776	4886	2	1950
Los Altos	94022	Condo	2	2	1840	2704	1	1972
Santa Clara	95054	Single-Family Home	5	3	2453	6014	1	1976
Menlo Park	94025	Single-Family Home	3	2	2135	6510	1	1948
Santa Clara	95051	Single-Family Home	3		897	5300	1	1954
Sunnyvale	94087	Condo	2	2	930	1391	1	1987
Sunnyvale	94087	Single-Family Home	5	3.5	1916	6867	2	1963
Los Altos	94022	Single-Family Home	3		1666	0.36 	1	1951
Cupertino	95014	Condo	2	2	1487	1344	3	1973
Saratoga	95070	Single-Family Home	3	2.5	2041	0.27 	1	1957
Santa Clara	95050	Condo			1560	1851	1	2000
Saratoga	95070	Single-Family Home	4	2.5	2475	0.28 	1	1964
Cupertino	95014	Single-Family Home	3	2	1920	10800	1	1955
Los Altos	94022	Single-Family Home	4	2.5	1880	0.37 	1	1957
Santa Clara	95051	Single-Family Home	4	2	1568	6588	1	1961
Santa Clara	95054	Condo	3	2.5	1726	2444	2	2005
Santa Clara	95054	Condo	3	2.5	1700	2180	2	2005
Santa Clara	95050	Single-Family Home	3	1.5	2175	0.26 	1	1950
Saratoga	95070	Single-Family Home	3	2.5	2628	6.68 	1	1980
Sunnyvale	94087	Single-Family Home	4	2.5	3004	6239	2	1986
Palo Alto	94303	Single-Family Home	3	2	1584	7280	1	1956
Santa Clara	95054	Condo			908	908	1	2005
Palo Alto	94303	Single-Family Home	3		1097	6000	1	1951
Mountain View	94040	Single-Family Home	3	2	1616	5700	1	1954
East Palo Alto	94303	Single-Family Home	4	2.5	2220	3584	2	2003
Los Altos	94022	Condo	2	2.5	3588	4214	1	2013
East Palo Alto	94303	Single-Family Home	3		960	6000		1944
Los Altos	94022	Condo	2	2	1377	2250	1	1967
Menlo Park	94025	Single-Family Home	4	3.5	2790	6902	2	2004
Santa Clara	95050	Condo			716	716	1	1987
Santa Clara	95050	Condo			716	716	1	1987
Los Altos	94024	Single-Family Home	4	2.5	2020	0.25 	1	1957
Santa Clara	95050	Single-Family Home	3	2	1427	6270	1	1951
Palo Alto	94303	Single-Family Home	2		810	5976	1	1963
Sunnyvale	94087	Condo	2	1.5	1222	1044	2	1972
Santa Clara	95051	Single-Family Home	3	2	1095	5500	1	1958
Sunnyvale	94086	Single-Family Home	3		1051	5000	1	1943
Saratoga	95070	Single-Family Home	5	2.5	2728	0.48 	1	1965
Los Altos	94024	Single-Family Home	3	2	2154	0.35 	1	1948
Redwood City	94061	Single-Family Home	3	2.5	1390	7000		1958
Menlo Park	94025	Single-Family Home	2		1968	0.29 	1	1947
Saratoga	95070	Single-Family Home	5	2	2233	3.17 	1	1965
Mountain View	94043	Condo	2	2	1136	2000	1	1971
Santa Clara	95051	Single-Family Home	3		897	10850	1	1954
Saratoga	95070	Single-Family Home	5	3	2600	1.03 	1	1936
Sunnyvale	94086	Single-Family Home	3	2	1296	6000	1	1963
Palo Alto	94306	Condo	3	3.5	2873	1436	3	2007
Palo Alto	94306	Condo			885	885	1	1983
Sunnyvale	94087	Single-Family Home	4	3	2020	7300	1	1953
Saratoga	95070	Condo	2		1398	1400	1	1962
Sunnyvale	94086	Condo	2		926	1440	1	1971
Sunnyvale	94086	Single-Family Home	5	2	1534	5700	1	1955
Cupertino	95014	Single-Family Home	4	4.5	1917	5253	2	2010
Sunnyvale	94086	Condo	2		854	2375	1	1986
Menlo Park	94025	Single-Family Home	3	2	1840	0.27 	1	1950
Saratoga	95070	Single-Family Home	5	4	3095	0.27 	1	2016
Sunnyvale	94087	Single-Family Home	3	2	1654	7400	1	1961
